{"base_link_offset": [-0.008304983377456665, 0.014757513999938965, -0.12316350638866425], "bbox_size": [1.5152119994163513, 1.2049809694290161, 0.9340290129184723]}